K4_state,K4_occupancy
0,0.8173134201344566
1,0.07969534507701473
2,0.07788698834141775
3,0.025104246447110883
