component,explained_variance,explained_variance_ratio,cumulative_variance_ratio
1,1.456058806138764,0.3640069572001336,0.3640069572001336
2,1.005392029801563,0.25134266007554074,0.6153496172756743
3,0.9764376022285941,0.24410420718210474,0.859453824457779
4,0.5621966627820825,0.14054617554222099,1.0
